"","Outbreak_id","t0","Longitude","Latitude","Location_aprox","Location_name","level2_name","level1_name","Species","is_wild"
"1","ob_102890","2022",-88.974,42.745,TRUE,"Rock County",NA,"Wisconsin","Vulpes vulpes",TRUE
"2","ob_102891","2022",-89.293,44.078,TRUE,"Waushara County",NA,"Wisconsin","Vulpes vulpes",TRUE
"3","ob_103182","2022",-89.285,43.104,TRUE,"Dane County",NA,"Wisconsin","Vulpes vulpes",TRUE
"4","ob_103118","2022",-93.373,45.212,TRUE,"Anoka County",NA,"Minnesota","Vulpes vulpes",TRUE
"5","ob_103116","2022",-82.862,42.988,TRUE,"Saint Clair County",NA,"Michigan","Vulpes vulpes",TRUE
"6","ob_103115","2022",-82.862,42.592,TRUE,"Macomb County",NA,"Michigan","Vulpes vulpes",TRUE
"7","ob_103114","2022",-83.331,43.04,TRUE,"Lapeer County",NA,"Michigan","Vulpes vulpes",TRUE
"8","ob_103117","2022",-93.592,43.094,TRUE,"Hancock County",NA,"Iowa","Vulpes vulpes",TRUE
"9","ob_103113","2022",-88.796,43.027,TRUE,"Jefferson County",NA,"Wisconsin","Vulpes vulpes",TRUE
"10","ob_103748","2022",-90.709,42.841,TRUE,"Grant County",NA,"Wisconsin","Vulpes vulpes",TRUE
"11","ob_103758","2022",-78.818,42.877,TRUE,"Erie County",NA,"New York","Vulpes vulpes",TRUE
"12","ob_103747","2022",-92.831,45.063,TRUE,"Washington County",NA,"Minnesota","Vulpes vulpes",TRUE
"13","ob_103756","2022",-91.141,41.768,TRUE,"Cedar County",NA,"Iowa","Vulpes vulpes",TRUE
"14","ob_103754","2022",-78.697,43.169,TRUE,"Niagara County",NA,"New York","Vulpes vulpes",TRUE
"15","ob_103750","2022",-89.812,43.976,TRUE,"Adams County",NA,"Wisconsin","Vulpes vulpes",TRUE
"16","ob_103752","2022",-78.878,42.88,TRUE,"Erie County",NA,"New York","Vulpes vulpes",TRUE
"17","ob_103753","2022",-76.515,42.443,TRUE,"Tompkins County",NA,"New York","Vulpes vulpes",TRUE
"18","ob_103757","2022",-166.964,53.515,TRUE,"Aleutians West",NA,"Alaska","Vulpes vulpes",TRUE
"19","ob_103751","2022",-75.172,44.592,TRUE,"Saint Lawrence County",NA,"New York","Vulpes vulpes",TRUE
"20","ob_103746","2022",-93.321,44.964,TRUE,"Hennepin County",NA,"Minnesota","Vulpes vulpes",TRUE
"21","ob_104112","2022",-85.503,43.881,TRUE,"Osceola County",NA,"Michigan","Vulpes vulpes",TRUE
"22","ob_104031","2022",-100.808,46.773,TRUE,"Burleigh County",NA,"North Dakota","Vulpes vulpes",TRUE
"23","ob_104024","2022",-94.165,45.527,TRUE,"Stearns County",NA,"Minnesota","Vulpes vulpes",TRUE
"24","ob_104111","2022",-84.25,43.613,TRUE,"Midland County",NA,"Michigan","Vulpes vulpes",TRUE
"25","ob_104027","2022",-93.431,44.794,TRUE,"Scott County",NA,"Minnesota","Vulpes vulpes",TRUE
"26","ob_104026","2022",-98.536,45.996,TRUE,"Dickey County",NA,"North Dakota","Vulpes vulpes",TRUE
"27","ob_104020","2022",-88.816,43.021,TRUE,"Jefferson County",NA,"Wisconsin","Vulpes vulpes",TRUE
"28","ob_104113","2022",-84.685,44.998,TRUE,"Otsego County",NA,"Michigan","Vulpes vulpes",TRUE
"29","ob_104022","2022",-89.688,45.171,TRUE,"Lincoln County",NA,"Wisconsin","Lynx rufus",TRUE
"30","ob_104159","2022",-85.37,44.252,TRUE,"Wexford County",NA,"Michigan","Canis latrans",TRUE
"31","ob_104023","2022",-89.667,45.178,TRUE,"Lincoln County",NA,"Wisconsin","Lynx rufus",TRUE
"32","ob_104029","2022",-85.498,43.876,TRUE,"Osceola County",NA,"Michigan","Vulpes vulpes",TRUE
"33","ob_104156","2022",-91.84,42.454,TRUE,"Buchanan County",NA,"Iowa","Didelphis virginiana",TRUE
"34","ob_104021","2022",-89.297,43.138,TRUE,"Dane County",NA,"Wisconsin","Vulpes vulpes",TRUE
"35","ob_104158","2022",-119.023,46.218,TRUE,"Franklin County",NA,"Washington","Procyon lotor",TRUE
"36","ob_104018","2022",-88.992,42.726,TRUE,"Rock County",NA,"Wisconsin","Vulpes vulpes",TRUE
"37","ob_104025","2022",-93.499,47.216,TRUE,"Itasca County",NA,"Minnesota","Vulpes vulpes",TRUE
"38","ob_104528","2022",-84.383,46.47,TRUE,"Chippewa County",NA,"Michigan","Vulpes vulpes",TRUE
"39","ob_104520","2022",-92.838,44.739,TRUE,"Dakota County",NA,"Minnesota","Vulpes vulpes",TRUE
"40","ob_104519","2022",-93.236,44.922,TRUE,"Hennepin County",NA,"Minnesota","Vulpes vulpes",TRUE
"41","ob_104526","2022",-117.021,46.732,TRUE,"Latah County",NA,"Idaho","Mephitis mephitis",TRUE
"42","ob_104525","2022",-86.229,43.265,TRUE,"Muskegon County",NA,"Michigan","Vulpes vulpes",TRUE
"43","ob_104527","2022",-88.318,46.108,TRUE,"Iron County",NA,"Michigan","Procyon lotor",TRUE
"44","ob_104524","2022",-83.86,43.596,TRUE,"Bay County",NA,"Michigan","Vulpes vulpes",TRUE
"45","ob_104523","2022",-84.502,43.981,TRUE,"Gladwin County",NA,"Michigan","Vulpes vulpes",TRUE
"46","ob_104522","2022",-83.899,43.597,TRUE,"Bay County",NA,"Michigan","Vulpes vulpes",TRUE
"47","ob_104521","2022",-111.949,40.787,TRUE,"Salt Lake County",NA,"Utah","Vulpes vulpes",TRUE
"48","ob_104706","2022",-70.269,43.658,TRUE,"Cumberland County",NA,"Maine","Phoca vitulina",TRUE
"49","ob_104708","2022",-69.819,43.912,TRUE,"Sagadahoc County",NA,"Maine","Phoca vitulina",TRUE
"50","ob_104709","2022",-69.7,44.066,TRUE,"Lincoln County",NA,"Maine","Phoca vitulina",TRUE
"51","ob_104705","2022",-70.723,43.499,TRUE,"York County",NA,"Maine","Phoca vitulina",TRUE
"52","ob_104934","2022",-70.331,43.649,TRUE,"Cumberland County",NA,"Maine","Phoca vitulina",TRUE
"53","ob_104932","2022",-70.258,43.672,TRUE,"Cumberland County",NA,"Maine","Phoca vitulina",TRUE
"54","ob_104933","2022",-69.833,43.907,TRUE,"Sagadahoc County",NA,"Maine","Halichoerus grypus",TRUE
"55","ob_104929","2022",-165.422,64.53,TRUE,"Nome",NA,"Alaska","Vulpes vulpes",TRUE
"56","ob_104928","2022",-117.905,48.457,TRUE,"Stevens County",NA,"Washington","Procyon lotor",TRUE
"57","ob_104930","2022",-70.306,43.719,TRUE,"Cumberland County",NA,"Maine","Phoca vitulina",TRUE
"58","ob_104931","2022",-69.642,44.033,TRUE,"Lincoln County",NA,"Maine","Phoca vitulina",TRUE
"59","ob_104935","2022",-70.286,43.653,TRUE,"Cumberland County",NA,"Maine","Phoca vitulina",TRUE
"60","ob_104927","2022",-116.461,44.965,TRUE,"Adams County",NA,"Idaho","Mephitis mephitis",TRUE
"61","ob_105641","2022",-70.251,43.659,TRUE,"Cumberland County",NA,"Maine","Phoca vitulina",TRUE
"62","ob_105640","2022",-70.254,43.689,TRUE,"Cumberland County",NA,"Maine","Phoca vitulina",TRUE
"63","ob_105636","2022",-69.838,43.928,TRUE,"Sagadahoc County",NA,"Maine","Phoca vitulina",TRUE
"64","ob_105634","2022",-92.752,44.963,TRUE,"Saint Croix County",NA,"Wisconsin","Pekania pennanti",TRUE
"65","ob_105639","2022",-70.276,43.645,TRUE,"Cumberland County",NA,"Maine","Phoca vitulina",TRUE
"66","ob_105638","2022",-70.723,43.5,TRUE,"York County",NA,"Maine","Phoca vitulina",TRUE
"67","ob_105637","2022",-70.77,43.537,TRUE,"York County",NA,"Maine","Phoca vitulina",TRUE
"68","ob_105635","2022",-116.255,43.651,TRUE,"Ada County",NA,"Idaho","Mephitis mephitis",TRUE
"69","ob_105969","2022",-70.724,43.499,TRUE,"York County",NA,"Maine","Phoca vitulina",TRUE
"70","ob_107582","2022",-76.541,42.904,TRUE,"Cayuga County",NA,"New York","Vulpes vulpes",TRUE
"71","ob_107151","2022",-76.464,42.447,TRUE,"New York",NA,"New York","Panthera pardus orientalis",TRUE
"72","ob_108466","2022",-76.501,42.455,TRUE,"Tompkins County",NA,"New York","Vulpes vulpes",TRUE
"73","ob_108405","2022",-87.646,41.876,TRUE,"Cook County",NA,"Illinois","Didelphis virginiana",TRUE
"74","ob_108467","2022",-111.032,45.694,TRUE,"Gallatin County",NA,"Montana","Mephitis mephitis",TRUE
"75","ob_108919","2022",-93.526,47.237,TRUE,"Itasca County",NA,"Minnesota","Mephitis mephitis",TRUE
"76","ob_108826","2022",-104.693,40.425,TRUE,"Weld County",NA,"Colorado","Mephitis mephitis",TRUE
"77","ob_109185","2022",-135.44,58.11,TRUE,"Hoonah-Angoon Census Area",NA,"Alaska","Ursus americanus",TRUE
"78","ob_109183","2022",-111.913,43.67,TRUE,"Jefferson County",NA,"Idaho","Mephitis mephitis",TRUE
"79","ob_109184","2022",-92.098,46.721,TRUE,"Douglas County",NA,"Wisconsin","Mephitis mephitis",TRUE
"80","ob_111889","2022",-124.42,42.417,TRUE,"Curry County",NA,"Oregon","Procyon lotor",TRUE
"81","ob_110460","2022",-111.944,45.294,TRUE,"Madison County",NA,"Montana","Vulpes vulpes",TRUE
"82","ob_112083","2022",-98.514,44.875,TRUE,"Spink County",NA,"South Dakota","Vulpes vulpes",TRUE
"83","ob_111890","2022",-122.686,48.217,TRUE,"Island County",NA,"Washington","Procyon lotor",TRUE
"84","ob_110099","2022",-152.404,57.788,TRUE,"Kodiak Island",NA,"Alaska","Ursus arctos",TRUE
"85","ob_110098","2022",-122.814,45.855,TRUE,"Columbia County",NA,"Oregon","Mephitis mephitis",TRUE
"86","ob_110100","2022",-112.182,47.811,TRUE,"Teton County",NA,"Montana","Ursus arctos",TRUE
"87","ob_111888","2022",-96.663,40.833,TRUE,"Nebraska",NA,"Nebraska","Ursus arctos",TRUE
"88","ob_111888","2022",-96.663,40.833,TRUE,"Nebraska",NA,"Nebraska","Puma concolor",TRUE
"89","ob_111888","2022",-96.663,40.833,TRUE,"Nebraska",NA,"Nebraska","Panthera tigris",TRUE
"90","ob_112344","2022",-111.3,47.508,TRUE,"Cascade County",NA,"Montana","Mephitis mephitis",TRUE
"91","ob_112345","2022",-114.31,48.188,TRUE,"Flathead County",NA,"Montana","Ursus arctos",TRUE
"92","ob_112841","2023",-117.429,47.666,TRUE,"Spokane County",NA,"Washington","Lynx rufus",TRUE
"93","ob_112842","2023",-89.382,43.072,TRUE,"Dane County",NA,"Wisconsin","Vulpes vulpes",TRUE
"94","ob_113158","2023",-108.208,43.647,TRUE,"Hot Springs County",NA,"Wyoming","Vulpes vulpes",TRUE
"95","ob_113159","2022",-121.573,39.524,TRUE,"Butte County",NA,"California","Lynx rufus",TRUE
"96","ob_113410","2023",-120.844,44.303,TRUE,"Crook County",NA,"Oregon","Mephitis mephitis",TRUE
"97","ob_113619","2022",-76.318,35.42,TRUE,"Hyde County",NA,"North Carolina","Ursus americanus",TRUE
"98","ob_113754","2022",-111.774,43.823,TRUE,"Madison County",NA,"Idaho","Vulpes vulpes",TRUE
"99","ob_113934","2022",-104.776,37.621,TRUE,"Huerfano County",NA,"Colorado","Ursus americanus",TRUE
"100","ob_113939","2023",-105.278,40.019,TRUE,"Boulder County",NA,"Colorado","Puma concolor",TRUE
"101","ob_113937","2022",-105.878,37.446,TRUE,"Alamosa County",NA,"Colorado","Vulpes vulpes",TRUE
"102","ob_113938","2023",-106.919,38.552,TRUE,"Gunnison County",NA,"Colorado","Puma concolor",TRUE
"103","ob_113936","2023",-104.611,38.276,TRUE,"Pueblo County",NA,"Colorado","Vulpes vulpes",TRUE
"104","ob_113935","2023",-106.92,38.543,TRUE,"Gunnison County",NA,"Colorado","Puma concolor",TRUE
"105","ob_114391","2023",-101.04,39.808,TRUE,"Rawlins County",NA,"Kansas","Mephitis mephitis",TRUE
"106","ob_114390","2023",-104.826,38.83,TRUE,"El Paso County",NA,"Colorado","Lynx rufus",TRUE
"107","ob_114836","2023",-105.202,39.728,TRUE,"Jefferson County",NA,"Colorado","Lynx rufus",TRUE
"108","ob_114837","2023",-106.326,42.852,TRUE,"Natrona County",NA,"Wyoming","Puma concolor",TRUE
"109","ob_114833","2022",-88.538,44.018,TRUE,"Winnebago County",NA,"Wisconsin","Lontra canadensis",TRUE
"110","ob_114650","2023",-108.047,44.488,TRUE,"Big Horn County",NA,"Wyoming","Puma concolor",TRUE
"111","ob_114834","2023",-106.109,40.072,TRUE,"Grand County",NA,"Colorado","Puma concolor",TRUE
"112","ob_114832","2023",-115.35,47.595,TRUE,"Sanders County",NA,"Montana","Procyon lotor",TRUE
"113","ob_115216","2023",-111.887,40.76,TRUE,"Salt Lake County",NA,"Utah","Puma concolor",TRUE
"114","ob_115209","2023",-76.499,42.442,TRUE,"Tompkins County",NA,"New York","Mephitis mephitis",TRUE
"115","ob_115192","2023",-105.081,40.588,TRUE,"Larimer County",NA,"Colorado","Mephitis mephitis",TRUE
"116","ob_115798","2023",-105.843,46.41,TRUE,"Custer County",NA,"Montana","Mephitis mephitis",TRUE
"117","ob_115799","2023",-114.166,47.693,TRUE,"Lake County",NA,"Montana","Procyon lotor",TRUE
"118","ob_115595","2023",-100.751,41.134,TRUE,"Lincoln County",NA,"Nebraska","Mephitis mephitis",TRUE
"119","ob_116097","2023",-110.547,45.66,TRUE,"Park County",NA,"Montana","Mephitis mephitis",TRUE
"120","ob_116007","2023",-105.034,40.573,TRUE,"Larimer County",NA,"Colorado","Mephitis mephitis",TRUE
"121","ob_116006","2023",-101.382,35.346,TRUE,"Carson County",NA,"Texas","Mephitis mephitis",TRUE
"122","ob_116671","2023",-111.01,45.676,TRUE,"Gallatin County",NA,"Montana","Mephitis mephitis",TRUE
"123","ob_116672","2023",-119.229,38.256,TRUE,"Mono County",NA,"California","Puma concolor",TRUE
"124","ob_116580","2023",-123.341,43.211,TRUE,"Douglas County",NA,"Oregon","Martes americana",TRUE
"125","ob_117000","2023",-149.107,61.602,TRUE,"Matanuska-Susitna Borough",NA,"Alaska","Vulpes vulpes",TRUE
"126","ob_117127","2023",-110.761,43.473,TRUE,"Teton County",NA,"Wyoming","Puma concolor",TRUE
"127","ob_116805","2023",-108.201,43.647,TRUE,"Hot Springs County",NA,"Wyoming","Felis catus",TRUE
"128","ob_117309","2023",-105.999,38.539,TRUE,"Chaffee County",NA,"Colorado","Mephitis mephitis",TRUE
"129","ob_117306","2023",-78.008,40.484,TRUE,"Huntingdon County",NA,"Pennsylvania","Vulpes vulpes",TRUE
"130","ob_117307","2023",-76.499,42.442,TRUE,"Tompkins County",NA,"New York","Vulpes vulpes",TRUE
"131","ob_117505","2023",-78.45,42.086,TRUE,"Cattaraugus County",NA,"New York","Vulpes vulpes",TRUE
"132","ob_117463","2023",-89.384,43.071,TRUE,"Dane County",NA,"Wisconsin","Vulpes vulpes",TRUE
"133","ob_117465","2023",-108.243,36.726,TRUE,"San Juan County",NA,"New Mexico","Mephitis mephitis",TRUE
"134","ob_117466","2023",-106.718,34.805,TRUE,"Valencia County",NA,"New Mexico","Mephitis mephitis",TRUE
"135","ob_117464","2023",-105.289,40.015,TRUE,"Boulder County",NA,"Colorado","Vulpes vulpes",TRUE
"136","ob_117835","2023",-76.993,43.063,TRUE,"Wayne County",NA,"New York","Vulpes vulpes",TRUE
"137","ob_117307","2023",-76.499,42.442,TRUE,"Tompkins County",NA,"New York","Didelphis virginiana",TRUE
"138","ob_117834","2023",-77.613,43.154,TRUE,"Monroe County",NA,"New York","Vulpes vulpes",TRUE
"139","ob_117676","2023",-120.54,41.483,TRUE,"Modoc County",NA,"California","Puma concolor",TRUE
"140","ob_117885","2023",-111.943,45.294,TRUE,"Madison County",NA,"Montana","Puma concolor",TRUE
"141","ob_117884","2023",-106.68,46.265,TRUE,"Rosebud County",NA,"Montana","Mephitis mephitis",TRUE
"142","ob_118159","2023",-104.183,42.066,TRUE,"Goshen County",NA,"Wyoming","Puma concolor",TRUE
"143","ob_118115","2023",-99.536,42.583,TRUE,"Rock County",NA,"Nebraska","Puma concolor",TRUE
"144","ob_118114","2023",-71.47,41.448,TRUE,"Washington County",NA,"Rhode Island","Vulpes vulpes",TRUE
"145","ob_118647","2023",-70.715,43.474,TRUE,"York County",NA,"Maine","Vulpes vulpes",TRUE
"146","ob_118646","2023",-76.569,42.93,TRUE,"Cayuga County",NA,"New York","Vulpes vulpes",TRUE
"147","ob_118645","2023",-106.831,40.485,TRUE,"Routt County",NA,"Colorado","Mephitis mephitis",TRUE
"148","ob_118803","2023",-75.39,40.579,TRUE,"Northampton County",NA,"Pennsylvania","Vulpes vulpes",TRUE
"149","ob_118648","2023",-117.277,45.474,TRUE,"Wallowa County",NA,"Oregon","Vulpes vulpes",TRUE
"150","ob_118923","2023",-111.888,40.719,TRUE,"Salt Lake County",NA,"Utah","Puma concolor",TRUE
"151","ob_118932","2023",-120.828,38.727,TRUE,"El Dorado County",NA,"California","Procyon lotor",TRUE
"152","ob_118975","2023",-78.878,42.884,TRUE,"Erie County",NA,"New York","Vulpes vulpes",TRUE
"153","ob_119124","2023",-121.58,39.53,TRUE,"Butte County",NA,"California","Puma concolor",TRUE
"154","ob_119117","2023",-94.58,47.101,TRUE,"Cass County",NA,"Minnesota","Ursus americanus",TRUE
"155","ob_119894","2023",-122.941,40.735,TRUE,"Trinity County",NA,"California","Pekania pennanti",TRUE
"156","ob_119423","2023",-119.967,37.498,TRUE,"Mariposa County",NA,"California","Pekania pennanti",TRUE
"157","ob_120133","2023",-83.44,45.069,TRUE,"Alpena County",NA,"Michigan","Vulpes vulpes",TRUE
"158","ob_121233","2023",-78.008,40.484,TRUE,"Huntingdon County",NA,"Pennsylvania","Vulpes vulpes",TRUE
"159","ob_123248","2023",-114.89,47.193,TRUE,"Mineral County",NA,"Montana","Puma concolor",TRUE
"160","ob_124669","2023",-122.768,48.112,TRUE,"Jefferson County",NA,"Washington","Phoca vitulina",TRUE
"161","ob_128403","2023",-114,46.873,TRUE,"Missoula County",NA,"Montana","Felis catus",TRUE
"162","ob_128494","2023",-98.569,44.079,TRUE,"Jerauld County",NA,"South Dakota","Felis catus",TRUE
"163","ob_128760","2023",-156.782,71.292,TRUE,"North Slope Borough",NA,"Alaska","Ursus maritimus",TRUE
"164","ob_129000","2023",-110.156,34.87,TRUE,"Navajo County",NA,"Arizona","Sciurus aberti",TRUE
"165","ob_131500","2023",-85.343,37.342,TRUE,"Taylor County",NA,"Kentucky","Procyon lotor",TRUE
"166","ob_131947","2023",-107.234,46.291,TRUE,"Treasure County",NA,"Montana","Felis catus",TRUE
"167","ob_133164","2023",-116.198,43.61,TRUE,"Ada County",NA,"Idaho","Mephitis mephitis",TRUE
"168","ob_133751","2023",-122.098,47.554,TRUE,"King County",NA,"Washington","Lynx rufus",TRUE
